<?xml version="1.0" encoding="utf-16" ?>
<TextureAtlas imagePath="ayed_Character.png" >
    <!--Ayed Cut Sheets fuck you don't think about it you dumbass stupid ass sing bro shit-->
    <!--don't ask to ask just ask-->
    <!--weeeeeeeeeeeee-->
	<SubTexture name="down0000" x="0" y="0" width="551" height="797"/>
	<SubTexture name="down0001" x="0" y="0" width="551" height="797"/>
	<SubTexture name="down0002" x="551" y="0" width="550" height="793" frameX="0" frameY="-4" frameWidth="551" frameHeight="797"/>
	<SubTexture name="down0003" x="551" y="0" width="550" height="793" frameX="0" frameY="-4" frameWidth="551" frameHeight="797"/>
	<SubTexture name="down0004" x="1101" y="0" width="549" height="789" frameX="0" frameY="-8" frameWidth="551" frameHeight="797"/>
	<SubTexture name="down0005" x="1101" y="0" width="549" height="789" frameX="0" frameY="-8" frameWidth="551" frameHeight="797"/>
	<SubTexture name="down0006" x="1101" y="0" width="549" height="789" frameX="0" frameY="-8" frameWidth="551" frameHeight="797"/>
	<SubTexture name="down0007" x="1101" y="0" width="549" height="789" frameX="0" frameY="-8" frameWidth="551" frameHeight="797"/>
	<SubTexture name="down0008" x="1101" y="0" width="549" height="789" frameX="0" frameY="-8" frameWidth="551" frameHeight="797"/>
	<SubTexture name="down0009" x="1101" y="0" width="549" height="789" frameX="0" frameY="-8" frameWidth="551" frameHeight="797"/>
	<SubTexture name="down0010" x="1101" y="0" width="549" height="789" frameX="0" frameY="-8" frameWidth="551" frameHeight="797"/>
	<SubTexture name="down0011" x="1101" y="0" width="549" height="789" frameX="0" frameY="-8" frameWidth="551" frameHeight="797"/>
	<SubTexture name="down0012" x="1101" y="0" width="549" height="789" frameX="0" frameY="-8" frameWidth="551" frameHeight="797"/>
	<SubTexture name="down0013" x="1101" y="0" width="549" height="789" frameX="0" frameY="-8" frameWidth="551" frameHeight="797"/>
	<SubTexture name="down0014" x="1101" y="0" width="549" height="789" frameX="0" frameY="-8" frameWidth="551" frameHeight="797"/>
	<SubTexture name="idle0000" x="0" y="797" width="471" height="801" frameX="-7" frameY="-1" frameWidth="480" frameHeight="802"/>
	<SubTexture name="idle0001" x="0" y="797" width="471" height="801" frameX="-7" frameY="-1" frameWidth="480" frameHeight="802"/>
	<SubTexture name="idle0002" x="471" y="797" width="469" height="802" frameX="-11" frameY="0" frameWidth="480" frameHeight="802"/>
	<SubTexture name="idle0003" x="471" y="797" width="469" height="802" frameX="-11" frameY="0" frameWidth="480" frameHeight="802"/>
	<SubTexture name="idle0004" x="0" y="797" width="471" height="801" frameX="-7" frameY="-1" frameWidth="480" frameHeight="802"/>
	<SubTexture name="idle0005" x="0" y="797" width="471" height="801" frameX="-7" frameY="-1" frameWidth="480" frameHeight="802"/>
	<SubTexture name="idle0006" x="940" y="797" width="473" height="802" frameX="-4" frameY="0" frameWidth="480" frameHeight="802"/>
	<SubTexture name="idle0007" x="940" y="797" width="473" height="802" frameX="-4" frameY="0" frameWidth="480" frameHeight="802"/>
	<SubTexture name="idle0008" x="1413" y="797" width="476" height="802" frameX="0" frameY="0" frameWidth="480" frameHeight="802"/>
	<SubTexture name="idle0009" x="1413" y="797" width="476" height="802" frameX="0" frameY="0" frameWidth="480" frameHeight="802"/>
	<SubTexture name="idle0010" x="1413" y="797" width="476" height="802" frameX="0" frameY="0" frameWidth="480" frameHeight="802"/>
	<SubTexture name="idle0011" x="1413" y="797" width="476" height="802" frameX="0" frameY="0" frameWidth="480" frameHeight="802"/>
	<SubTexture name="idle0012" x="1413" y="797" width="476" height="802" frameX="0" frameY="0" frameWidth="480" frameHeight="802"/>
	<SubTexture name="idle0013" x="1413" y="797" width="476" height="802" frameX="0" frameY="0" frameWidth="480" frameHeight="802"/>
	<SubTexture name="idle0014" x="1413" y="797" width="476" height="802" frameX="0" frameY="0" frameWidth="480" frameHeight="802"/>
	<SubTexture name="left0000" x="0" y="1599" width="461" height="804" frameX="-2" frameY="0" frameWidth="466" frameHeight="804"/>
	<SubTexture name="left0001" x="0" y="1599" width="461" height="804" frameX="-2" frameY="0" frameWidth="466" frameHeight="804"/>
	<SubTexture name="left0002" x="461" y="1599" width="463" height="799" frameX="-1" frameY="-5" frameWidth="466" frameHeight="804"/>
	<SubTexture name="left0003" x="461" y="1599" width="463" height="799" frameX="-1" frameY="-5" frameWidth="466" frameHeight="804"/>
	<SubTexture name="left0004" x="924" y="1599" width="466" height="794" frameX="0" frameY="-10" frameWidth="466" frameHeight="804"/>
	<SubTexture name="left0005" x="924" y="1599" width="466" height="794" frameX="0" frameY="-10" frameWidth="466" frameHeight="804"/>
	<SubTexture name="left0006" x="924" y="1599" width="466" height="794" frameX="0" frameY="-10" frameWidth="466" frameHeight="804"/>
	<SubTexture name="left0007" x="924" y="1599" width="466" height="794" frameX="0" frameY="-10" frameWidth="466" frameHeight="804"/>
	<SubTexture name="left0008" x="924" y="1599" width="466" height="794" frameX="0" frameY="-10" frameWidth="466" frameHeight="804"/>
	<SubTexture name="left0009" x="924" y="1599" width="466" height="794" frameX="0" frameY="-10" frameWidth="466" frameHeight="804"/>
	<SubTexture name="left0010" x="924" y="1599" width="466" height="794" frameX="0" frameY="-10" frameWidth="466" frameHeight="804"/>
	<SubTexture name="left0011" x="924" y="1599" width="466" height="794" frameX="0" frameY="-10" frameWidth="466" frameHeight="804"/>
	<SubTexture name="left0012" x="924" y="1599" width="466" height="794" frameX="0" frameY="-10" frameWidth="466" frameHeight="804"/>
	<SubTexture name="left0013" x="924" y="1599" width="466" height="794" frameX="0" frameY="-10" frameWidth="466" frameHeight="804"/>
	<SubTexture name="left0014" x="924" y="1599" width="466" height="794" frameX="0" frameY="-10" frameWidth="466" frameHeight="804"/>
	<SubTexture name="right0000" x="1390" y="1599" width="479" height="778" frameX="-1" frameY="-1" frameWidth="480" frameHeight="779"/>
	<SubTexture name="right0001" x="1390" y="1599" width="479" height="778" frameX="-1" frameY="-1" frameWidth="480" frameHeight="779"/>
	<SubTexture name="right0002" x="0" y="2403" width="478" height="779" frameX="0" frameY="0" frameWidth="480" frameHeight="779"/>
	<SubTexture name="right0003" x="0" y="2403" width="478" height="779" frameX="0" frameY="0" frameWidth="480" frameHeight="779"/>
	<SubTexture name="right0004" x="478" y="2403" width="476" height="778" frameX="0" frameY="-1" frameWidth="480" frameHeight="779"/>
	<SubTexture name="right0005" x="478" y="2403" width="476" height="778" frameX="0" frameY="-1" frameWidth="480" frameHeight="779"/>
	<SubTexture name="right0006" x="478" y="2403" width="476" height="778" frameX="0" frameY="-1" frameWidth="480" frameHeight="779"/>
	<SubTexture name="right0007" x="478" y="2403" width="476" height="778" frameX="0" frameY="-1" frameWidth="480" frameHeight="779"/>
	<SubTexture name="right0008" x="478" y="2403" width="476" height="778" frameX="0" frameY="-1" frameWidth="480" frameHeight="779"/>
	<SubTexture name="right0009" x="478" y="2403" width="476" height="778" frameX="0" frameY="-1" frameWidth="480" frameHeight="779"/>
	<SubTexture name="right0010" x="478" y="2403" width="476" height="778" frameX="0" frameY="-1" frameWidth="480" frameHeight="779"/>
	<SubTexture name="right0011" x="478" y="2403" width="476" height="778" frameX="0" frameY="-1" frameWidth="480" frameHeight="779"/>
	<SubTexture name="right0012" x="478" y="2403" width="476" height="778" frameX="0" frameY="-1" frameWidth="480" frameHeight="779"/>
	<SubTexture name="right0013" x="478" y="2403" width="476" height="778" frameX="0" frameY="-1" frameWidth="480" frameHeight="779"/>
	<SubTexture name="right0014" x="478" y="2403" width="476" height="778" frameX="0" frameY="-1" frameWidth="480" frameHeight="779"/>
	<SubTexture name="up0000" x="954" y="2403" width="480" height="816" frameX="0" frameY="0" frameWidth="484" frameHeight="816"/>
	<SubTexture name="up0001" x="954" y="2403" width="480" height="816" frameX="0" frameY="0" frameWidth="484" frameHeight="816"/>
	<SubTexture name="up0002" x="1434" y="2403" width="478" height="813" frameX="-4" frameY="-3" frameWidth="484" frameHeight="816"/>
	<SubTexture name="up0003" x="1434" y="2403" width="478" height="813" frameX="-4" frameY="-3" frameWidth="484" frameHeight="816"/>
	<SubTexture name="up0004" x="0" y="3219" width="478" height="812" frameX="-6" frameY="-4" frameWidth="484" frameHeight="816"/>
	<SubTexture name="up0005" x="0" y="3219" width="478" height="812" frameX="-6" frameY="-4" frameWidth="484" frameHeight="816"/>
	<SubTexture name="up0006" x="0" y="3219" width="478" height="812" frameX="-6" frameY="-4" frameWidth="484" frameHeight="816"/>
	<SubTexture name="up0007" x="0" y="3219" width="478" height="812" frameX="-6" frameY="-4" frameWidth="484" frameHeight="816"/>
	<SubTexture name="up0008" x="0" y="3219" width="478" height="812" frameX="-6" frameY="-4" frameWidth="484" frameHeight="816"/>
	<SubTexture name="up0009" x="0" y="3219" width="478" height="812" frameX="-6" frameY="-4" frameWidth="484" frameHeight="816"/>
	<SubTexture name="up0010" x="0" y="3219" width="478" height="812" frameX="-6" frameY="-4" frameWidth="484" frameHeight="816"/>
	<SubTexture name="up0011" x="0" y="3219" width="478" height="812" frameX="-6" frameY="-4" frameWidth="484" frameHeight="816"/>
	<SubTexture name="up0012" x="0" y="3219" width="478" height="812" frameX="-6" frameY="-4" frameWidth="484" frameHeight="816"/>
	<SubTexture name="up0013" x="0" y="3219" width="478" height="812" frameX="-6" frameY="-4" frameWidth="484" frameHeight="816"/>
	<SubTexture name="up0014" x="0" y="3219" width="478" height="812" frameX="-6" frameY="-4" frameWidth="484" frameHeight="816"/>
</TextureAtlas>
